1,2,3,4,5,6,7,8,9,10,11,12,13,14,15,16,17,18,19,20,21,22,23,24,25,26,27,28,29,30,31,32,33,34,35,36,37,38,39,40,41,42,43,44,45,46,47,48,49,50,51,52,53,54,55,56,57,58,59,60,61,62,63,64,65,66,67,68,69,70,71,72,73,74,75,76,77,78,79,80,81,82,label
-1011,-1016,-922,-994,-1031,-1070,-1103,-1085,-990,-940,-912,-999,-1065,-927,-883,-724,-637,-475,-528,-1096,-1941,-2345,-2505,-2072,-1851,-1745,52,-1822,-1559,-1623,-1057,-1402,-904,-732,-496,-363,-322,-260,-286,-320,-307,-262,-196,-147,-126,-109,-87,-64,-77,-68,-87,-86,-52,-46,-69,-119,-164,-244,-412,-502,-495,-468,-645,-5706,-7367,-7552,-3181,1163,236,736,1098,177,-1608,-2225,-2352,-1939,-735,-417,-1285,-276,-309,-521,1
-1005,-1010,-1009,-1008,-1009,-973,-1006,-1009,-1037,-1011,-989,-880,-902,-930,-938,-728,207,664,-4636,-383,-3428,-1655,-2312,-1053,-976,-1389,-1349,-1547,-1447,-1271,-1078,-875,-567,-287,-39,29,26,18,3,52,82,49,35,53,52,26,21,40,-44,-71,-116,-173,-220,-303,-366,-494,-447,-545,-578,-1120,-5371,-8129,41,1179,1090,-6986,846,315,-527,-1403,-2081,-2321,-1993,-1196,-478,-429,-491,-1110,-1356,-1402,-1212,-1356,1
-1007,-981,-976,-981,-1017,-1088,-964,-1084,-1038,-982,-892,-905,-927,-855,-650,-687,-1104,-2328,-1994,-2684,-2048,-1795,-1462,-1791,-1347,-1206,-1522,-1347,-1079,-845,-688,-524,-391,-173,-302,-112,-89,-43,-3,11,-20,-3,-26,4,-22,-13,-27,-54,-88,-104,-147,-174,-221,-253,-347,-704,-4159,-6920,-7061,-4711,-1184,464,812,722,537,-126,-740,-1598,296,-2391,-2161,-1302,-686,-333,-292,-210,-506,-805,-1526,-1625,-391,-173,1
-1044,-1044,-993,-1024,-929,-977,-969,-920,-1020,-976,-810,-683,-638,-417,-976,-2090,-1633,-2392,-2159,-2375,-2078,-1869,-1417,-1017,-1621,-1260,-732,-515,-917,-281,-200,-153,-125,-80,-23,-76,-79,-99,-133,-149,-158,-139,-166,-136,-173,-185,-187,-203,-242,-308,-344,-327,-348,-271,-240,-393,-1040,-6689,-4009,-7867,-4370,-1279,676,1230,788,-531,316,-1775,-2637,-2754,-2177,-1187,-504,-237,-297,-878,-536,-1226,-1187,-1437,-1227,-1437,1
-1012,-1006,-1011,-1013,-918,-945,-998,-995,-1100,-1033,-1052,-974,-905,-916,-916,-927,-498,-717,-491,-1477,-2083,-2788,-2251,-1902,-1752,-1753,-1667,-1269,-1348,-1653,-1270,-1073,-903,-723,-565,-416,-258,-329,-149,-60,-43,-32,-11,-48,-3,-26,-55,-33,-95,-125,-129,-150,-169,-231,-283,-333,-388,-395,-389,-366,-418,-4173,-7346,-3816,-7002,-840,1000,906,699,292,-829,-139,-2226,-2294,-1216,-707,-1861,-255,-391,-315,-538,-391,1
-1010,-1009,-1007,-1011,-1011,-1010,-1010,-1010,-1009,-1005,-1012,-992,-957,-960,-1025,-1058,-1056,-1031,-986,-661,-756,-918,-1007,-960,-837,-1172,-1555,-1778,-1953,-1940,-1852,-1572,-1510,-1058,-1430,-1349,-1841,-1013,-798,-479,-472,-466,-414,-275,-369,-228,-177,-145,-95,-157,-56,-50,-50,-60,-67,-89,-106,-140,-150,-182,-263,-216,-292,-332,-375,-400,-442,-496,-5914,-753,-7715,-5423,552,-613,934,460,-67,-646,-1370,-1912,-1930,-1578,1
-1012,-1008,-1011,-1009,-1006,-1008,-1005,-1012,-1006,-1010,-1007,-1008,-1000,-860,-987,-963,-900,-951,-972,-966,-855,-913,-788,-1682,-1346,-2114,-1746,-1985,-1793,-1773,-1481,-1989,-2439,-1861,-1250,-652,-238,-56,-99,-71,-68,-113,-126,-136,-104,-72,-48,-38,-23,6,11,7,-38,-73,-107,-160,-330,-427,-217,-498,-589,-729,-838,-886,-941,-1141,-5943,-4832,-2139,-5297,-390,459,477,192,-110,-541,-1079,-1560,-1765,-1705,-1485,-846,1
-1011,-1010,-1015,-1011,-1015,-1013,-1011,-1016,-1014,-1013,-1014,-1012,-1016,-997,-832,-698,-1002,-884,-986,-858,-692,-632,-538,-1238,-1787,-2121,-2579,-2296,-2114,-1958,-1644,-1322,-987,-885,-943,-962,-952,-707,-617,-778,-506,-397,-287,-239,-156,-152,-133,-124,-106,-102,-128,-98,-174,-192,-204,-219,-253,-304,-342,-409,-410,-420,-415,-372,-544,-1141,-5207,-6683,-5930,-2383,-206,715,701,53,457,-539,-1845,-2183,-2015,-1434,-603,-923,1
-962,-1032,-982,-951,-912,-937,-820,-639,-658,-931,-791,-1315,-1725,-2053,-2130,-1932,-1997,-1807,-1493,-1057,-1334,-1086,-1499,-1257,-848,-561,-429,-366,-378,-410,-388,-404,-409,-402,-395,-347,-308,-325,-287,-269,-234,-205,-190,-173,-184,-180,-206,-233,-268,-320,-318,-330,-315,-254,-372,-778,-4300,-6696,-7220,-3704,-603,694,1110,309,-425,-1298,-2157,-2392,-2034,-1362,-793,-498,-529,-375,-1141,-379,-1403,-1554,-1438,-1147,-684,-645,1
-1009,-1011,-974,-993,-944,-1037,-1073,-843,-894,-771,-576,-440,-584,-1108,-1755,-2202,-2471,-1702,-1848,-1311,-1329,-1457,-1218,-1183,-1309,-817,-1281,-1168,-772,-964,-613,-535,-192,-142,-427,-121,-101,-43,-38,-2,-18,-18,-6,-25,-62,-92,-170,-130,-327,-283,-528,-433,-486,-529,-419,-359,-2799,-280,-7478,-5975,-4470,-1228,1002,729,573,325,-276,-1332,-2169,-2688,-1563,-2332,-877,-465,-293,-282,-408,-1046,-1450,-1671,-1613,-1263,1
-1009,-1008,-1014,-1006,-1009,-1010,-1011,-1013,-1015,-1008,-1012,-1067,-1104,-1001,-757,-1228,-978,-685,-673,-1024,-760,-700,-628,-752,-1180,-1708,-2907,-2616,-2413,-2163,-904,-1077,-865,-1181,-1317,-1394,-1169,-893,-619,-442,-267,-116,-38,6,-74,21,48,72,89,68,90,123,101,100,86,59,54,21,-33,-27,-152,-240,-268,-285,-8221,-5180,-8750,-5147,-1232,1570,772,1381,1141,684,-1876,-3288,-3516,-2507,-1291,-468,-14,-68,1
-1022,-1022,-1008,-1000,-975,-817,-890,-1130,-1206,-1115,-802,-925,-828,-917,-916,-841,-911,-1280,-1773,-1983,-2112,-1850,-1583,-1441,-1495,-1101,-830,-888,-1046,-942,-901,-839,-690,-523,-265,-152,-110,-380,-108,-128,-122,-83,-77,-46,-13,-3,-21,3,0,19,-4,-15,-72,-160,-123,-195,-510,-373,-1626,-6313,-6195,-6583,-2547,-370,572,852,483,-206,-1071,-1730,-1921,-1464,-721,-1022,-553,-490,-704,-520,-979,-1256,-1412,-1256,1
-1013,-1015,-1015,-1016,-1016,-983,-937,-922,-685,-1072,-719,-1236,-1229,-733,-763,-1057,-915,-1179,-1337,-1228,-1424,-1666,-1962,-1735,-1421,-1500,-1460,-1264,-810,-809,-963,-1209,-1239,-1138,-1035,-859,-675,-493,-338,111,-207,-40,28,150,207,230,221,183,94,30,0,-36,-69,-205,-130,-264,-338,-440,-671,-791,-2399,-5191,-5230,-4549,-2764,-955,348,-22,161,-389,-1531,-1120,-1572,-1269,-940,-746,-679,-708,-926,-612,-1158,-1311,1
-1006,-1006,-983,-1007,-1111,-1141,-940,-637,-906,-1086,-931,-1049,-748,-1456,-1802,-869,-2512,-1971,-1584,-1671,-1382,-1097,-1001,-1207,-1169,-1027,-892,-1031,-611,-733,-479,-342,15,-3,-13,36,48,70,47,61,49,43,31,19,-3,-67,-32,-95,-122,-146,-199,-240,-317,-335,-679,-4028,-6557,-5965,-4652,-1551,298,939,408,-1781,-645,-2355,-1626,-573,-2309,-998,-427,-409,-557,-812,-1035,-1269,-1319,-1126,-925,-803,-767,-814,1
-1010,-1013,-1015,-981,-1005,-986,-975,-946,-1036,-990,-802,-1071,-1109,-1049,-963,-906,-843,-876,-959,-1112,-1423,-1871,-1683,-2137,-2300,-1844,-1488,-1370,-1375,-1326,-1091,-1172,-977,-856,-659,-391,-503,-303,-292,-153,-178,-240,-73,-119,-115,1,-8,-65,17,-5,18,20,85,18,-20,-4,-49,-84,-154,-215,-258,-465,-2416,-7238,-8395,-7232,-2263,1128,828,546,228,250,429,-19,-185,-1870,-2858,-3129,-2135,-1055,-468,-247,1
-1008,-1006,-981,-1005,-1005,-1001,-572,-809,-718,-593,-893,-1196,-1575,-1775,-2335,-2588,-2194,-1811,-1246,-1338,-1576,-1489,-1254,-749,-1012,-453,-244,-139,-126,-119,-81,-63,-38,103,67,119,108,85,86,115,147,204,168,187,167,131,129,62,-39,-269,-154,-380,-2937,-7997,-9739,-6829,-1161,1330,1593,540,1007,473,-1143,-2395,-2657,-3053,-1645,-696,-136,-170,-546,-1068,-1579,-1806,-1624,-838,-590,-513,-594,-787,-1035,-1268,1
-1009,-1007,-1007,-1012,-1010,-921,-855,-990,-870,-906,-933,-737,-584,-1091,-2111,-1850,-2019,-1980,-1788,-1663,-1902,-1377,-1048,-1057,-1197,-940,-1048,-766,-645,-579,-436,-136,-287,-52,-40,14,90,121,40,79,47,10,9,0,-10,-5,-4,-1,-21,-79,-149,-222,-287,-1355,-5943,-7986,-7043,529,-3066,706,730,445,200,-121,-1037,-526,-1559,-2006,-1768,-1189,-737,-473,-368,-617,-436,-944,-1270,-1457,-1455,-1285,-1054,-863,1
-1013,-1015,-1009,-1016,-997,-988,-976,-1001,-1047,-1046,-994,-1060,-938,-705,-644,-838,-887,-749,-1213,-1596,-2419,-2233,-1770,-1257,-1194,-1650,-1149,-1297,-833,-1037,-1365,-841,-802,-716,-565,-286,-252,-152,-95,-85,-118,-66,-73,-104,-97,-85,-76,-76,-52,-21,-31,-39,-33,-9,-37,-30,-93,-215,-91,-165,-325,-463,-4475,-8765,-4539,-793,654,760,606,384,84,-403,-752,-960,-1265,-1891,-1541,-1990,-1140,-446,-727,-342,1
-939,-1028,-1061,-1054,-977,-1051,-948,-952,-991,-1051,-1080,-864,-949,-868,-607,-489,-1072,-1417,-1758,-2446,-2145,-1831,-1653,-1301,-1151,-942,-741,-965,-759,-863,-793,-698,-594,-428,-357,-495,-199,-287,-126,-84,42,-19,41,52,70,62,64,57,11,17,40,2,-16,-75,-87,-167,-250,-480,-5049,-540,-7327,-7039,-2909,-694,867,530,612,91,-867,-1934,-1923,-2301,-861,-629,-532,-591,-742,-940,-1220,-1199,-1134,-1093,1
-1045,-1037,-980,-946,-793,-969,-847,-1032,-864,-1175,-839,-1500,-1130,-1677,-2006,-1531,-1127,-1212,-1135,-977,-887,-1348,-1284,-1002,-776,-605,-270,-427,-75,80,15,67,96,119,130,94,47,42,58,56,18,-3,-23,-34,-44,-61,-83,-82,-120,-150,-215,-170,-235,-212,-287,-263,-716,-7215,-8636,1232,-4141,372,1012,759,920,212,-750,-1982,-2705,-2791,-1861,-1006,-338,-474,-320,-769,-1100,-1367,-1466,-1376,-1123,-890,1
-1058,-1046,-1004,-983,-994,-980,-970,-908,-970,-947,-933,-800,-955,-945,-1584,-1464,-2232,-2097,-1926,-1677,-1194,-1125,-859,-934,-981,-878,-757,-941,-635,-549,-424,-353,-323,-293,-159,-221,-97,-131,-125,-109,-46,-15,-24,-14,-28,-30,5,0,-1,20,29,19,-53,-183,-98,-223,-313,-773,-7989,-8570,-7450,-1853,-134,874,759,365,-196,244,-831,-2670,-1778,-2734,-2101,-1180,-547,-195,-167,-333,-703,-1173,-1570,-1387,1
-1014,-1011,-1013,-1015,-1010,-1008,-850,-1103,-1109,-1090,-1065,-979,-1020,-902,-844,-878,-1071,-1042,-962,-1341,-802,-2056,-2742,-1718,-2391,-1236,-1313,-1127,-1231,-1342,-1231,-978,-590,-796,-245,-189,-102,-101,-33,-66,-60,-78,-81,-28,-27,-10,-15,15,49,36,55,85,81,68,39,59,12,-36,-87,-176,-226,-381,-323,-4393,-8011,-6932,-3375,-969,855,1336,977,291,-922,-1937,-2413,-2152,-1441,-806,-490,-615,-824,-1097,1
-993,-918,-961,-1022,-1051,-1039,-781,-785,-953,-970,-963,-942,-1084,-960,-1352,-1916,-1644,-2334,-1873,-1038,-1066,-1097,-1197,-1455,-1431,-1196,-1322,-874,-277,-470,-182,-680,-184,-169,-110,-179,-60,7,-9,26,80,75,47,46,80,69,81,108,99,143,84,58,8,-39,-128,-225,-343,-356,-622,-6395,-8649,-7906,-1672,824,936,659,420,-303,-1345,-2402,-1830,-2177,-1294,-828,-549,-477,-633,-519,-1245,-1061,-1335,-1276,1
-1012,-1009,-956,-1002,-1057,-595,-862,-299,-314,-863,-1797,-2230,-2806,-2434,-2318,-1719,-1326,-885,-551,-921,-882,-822,-921,-775,-422,-265,-596,-137,32,59,85,102,1,83,41,2,6,-9,6,-11,-25,-12,42,76,101,120,126,71,81,86,34,12,-2,-29,-55,-183,-149,-9320,-11118,-8273,737,1762,898,1024,556,-428,-1718,-2757,-2594,-1649,-535,-264,-650,-1087,-1456,-1517,-892,-1405,-1172,-658,-590,-769,1
-1010,-1007,-1006,-1009,-1005,-1010,-885,-636,-985,-189,-88,-453,-1732,-2633,-3116,-2643,-2021,-1825,-1528,-1274,-964,-1019,-1149,-1045,-1095,-937,-770,-616,-435,-199,-80,-286,-20,-9,0,37,0,-11,5,12,-10,3,25,51,60,47,65,97,110,126,103,51,21,69,-54,-164,-246,-335,-4072,-8903,-8367,-1332,-3214,255,593,671,200,-678,-1757,-2059,-1734,-1353,-1041,-753,-688,-754,-930,-1036,-1073,-1007,-941,-904,1
-1013,-1009,-1010,-867,-1061,-1103,-1088,-1087,-1028,-825,-688,-714,-545,-438,-731,-844,-1865,-2698,-2628,-2017,-1794,-1317,-1055,-890,-1224,-1255,-1020,-957,-722,-567,-479,-356,-52,22,-7,0,11,33,37,35,66,66,60,88,126,108,122,108,108,83,94,69,89,-115,-9,-154,-143,-181,-151,-6485,-9490,-5106,3958,1592,987,602,788,-1346,1,-2253,-3273,-2503,-881,-223,-411,-489,-1084,-1385,-1418,-1218,-980,-871,1
-1113,-1055,-1124,-1016,-938,-984,-936,-988,-1058,-1098,-1020,-847,-750,-787,-790,-55,-503,-2831,-1938,-2680,-2392,-2194,-2033,-1767,-1361,-984,-983,-1242,-1162,-716,-1006,-900,-525,-409,-291,-243,-181,-116,-153,-98,-78,-88,-75,-86,-65,-56,-52,-35,-34,-40,0,-3,-6,-13,18,-11,-32,-12,10,-108,-487,-202,-9296,-6636,-3739,-9110,4051,1110,1144,384,39,-237,-731,-2291,-2370,-1689,-550,-973,-447,-557,-879,-1364,1
-932,-957,-1009,-1063,-1084,-1068,-1037,-995,-987,-981,-993,336,-1359,-229,-683,-2290,-2851,-2796,-2295,-2233,-1977,-1580,-1341,-862,-1059,-891,-794,-1217,-514,-330,-173,-103,-75,-18,71,-39,-54,-12,23,26,16,45,76,82,100,102,118,147,203,254,202,183,237,70,-74,-85,-92,-3250,-9952,-11581,-7028,1045,2603,1362,415,604,645,87,-67,-391,-2839,-911,-3572,-1141,-265,123,-135,-552,-1070,-1522,-1472,-1345,1
-1169,-1057,-940,-891,-922,-974,-927,-858,-817,-716,-467,-842,-311,-1910,-2655,-3151,-2458,-2055,-1402,-1887,-1109,-1444,-1343,-1138,-998,-760,-444,-568,-356,-193,-205,-188,-190,-150,-25,-81,3,23,77,-5,136,145,123,134,141,144,74,12,-59,-73,-74,-80,-92,-1643,-418,-8095,-9996,-8288,-526,4733,1108,887,661,401,-3040,-2393,-1377,-770,-395,-211,-467,-1436,-940,-1619,-1242,-1719,-883,-678,-544,-668,-897,-1141,1
-947,-1058,-968,-921,-1229,-1225,-1040,-987,-894,-899,-801,-854,-734,-710,-1391,-1643,-2346,-2368,-1908,-1487,-1300,-1009,-1385,-1084,-1495,-1282,-1119,-863,-614,-538,-364,-221,-159,-154,-177,-128,-81,-65,-45,-42,-36,-8,33,45,22,16,25,13,10,16,-7,11,7,-8,-30,-16,-44,-237,-6666,-376,-10457,-8136,-4804,-22,1195,484,896,233,195,106,-262,-834,-1367,-1770,-1888,-1916,-685,-1625,-1132,-478,-459,-503,1
-919,-955,-1033,-1000,-1126,-1018,-825,-798,-894,-900,-812,-839,-1118,-894,-1654,-2425,-2582,-2075,-1774,-1213,-1303,-1581,-1724,-1432,-1057,-693,-424,-258,-174,-218,-144,-199,-169,-235,-197,-155,-119,-81,-49,-45,-75,-109,-114,-99,-111,-92,-92,-60,-95,-66,-106,-109,-97,-92,-94,-115,-207,-262,-7268,-532,-9434,-8269,1136,-3371,774,641,469,254,-312,-746,-812,-1417,-1562,-1518,-1489,-1432,-1171,-741,-720,-846,-1089,-1222,1
-871,-903,-1037,-1106,-1082,-926,-952,-961,-929,-915,-869,-816,-917,-793,-1007,-1310,-1557,-1631,-1809,-1761,-1635,-1443,-1342,-1129,-1854,-1883,-1439,-1212,-503,-841,-348,-394,-439,-335,-287,-250,-206,-183,-188,-164,-104,-132,-104,-94,-71,-56,-50,-63,-88,-109,-108,-124,-141,-170,-197,-193,-215,-196,-199,-194,-148,-8403,-6162,-1852,-377,600,781,866,608,-96,-985,-2751,-2341,-1237,-2144,-644,-355,-579,-871,-1111,-1244,-1333,1
-1004,-1006,-1001,-988,-944,-833,-982,-471,594,212,-397,-1836,-2716,-2851,-2524,-1127,-1961,-605,-461,-153,-315,-198,-340,-431,-468,-442,-344,-273,-244,-161,-110,-89,-58,-14,-13,-15,-20,-27,-33,-41,-48,-51,-59,-77,-68,-89,-5999,-782,-5970,-6581,1285,-1898,-742,410,480,-752,-1704,-1696,-1360,-830,-524,-460,-891,-1138,-1220,-1182,-1044,-961,-961,-974,-996,-1016,-1030,-1041,-1053,-1053,-1061,-1124,-1114,-1076,-955,-1076,2
-923,-1106,-1081,-998,-976,-976,-1006,-1024,-1015,-994,-980,-980,-981,-997,-998,-944,-673,-54,6,737,-1592,-2918,-3419,-2870,-2555,-2171,-1293,-476,-170,-194,-446,-611,-211,-703,-625,-578,-513,-476,-446,-432,-430,-364,-106,-172,-20,-70,-27,-22,-26,-39,-41,-37,-47,-50,-54,-54,127,-203,-1247,-1292,-2546,-5867,-3152,-683,-274,616,548,-39,-1162,-638,-1360,-1504,-1568,-1437,-928,-722,-676,-943,-758,-1129,-1214,-1191,2
-972,-1400,-1272,-894,-934,-985,-944,-1045,-1001,-985,-982,-977,-984,-911,-528,347,1057,-556,-2187,-3528,-2813,-2305,-1605,-969,-356,-100,-795,-69,-260,-337,-74,-488,-583,-380,-557,-488,-427,-443,-421,-399,-348,-378,-277,-223,-156,-125,-71,-2,6,-87,-44,-54,-52,-63,-75,-80,-216,-347,-4403,-6857,-7043,-4704,1023,-540,-30,108,-2060,-1293,557,-471,-2355,-1768,-1038,-813,-599,-621,-826,-1004,-1168,-1039,-940,-987,2
-974,-996,-1010,-996,-971,-936,-893,-269,174,-759,-1042,-2474,-3168,-2931,-2257,-1658,-595,-1018,-581,-534,-260,-121,-272,-420,-507,-582,-540,-516,-488,-454,-344,-365,-332,-409,-371,-88,-268,-114,-95,-81,-95,-44,-41,-49,-43,-47,-46,-57,-74,-394,-2196,-3924,-6194,-2171,827,1033,-6,-57,-142,208,-565,-1689,-2226,-2204,-1789,-1171,-698,-441,-541,-781,-1032,-1261,-1376,-1323,-1164,-1018,-902,-831,-831,-886,-1020,-1098,2
-1004,-1006,-1001,-988,-944,-833,-982,-471,594,212,-397,-1836,-2716,-2851,-2524,-1127,-1961,-605,-461,-153,-315,-198,-340,-431,-468,-442,-344,-273,-244,-161,-110,-89,-58,-14,-13,-15,-20,-27,-33,-41,-48,-51,-59,-77,-68,-89,-5999,-782,-5970,-6581,1285,-1898,-742,410,480,-752,-1704,-1696,-1360,-830,-524,-460,-891,-1138,-1220,-1182,-1044,-961,-961,-974,-996,-1016,-1030,-1041,-1053,-1053,-1061,-1124,-1114,-1076,-955,-1046,2
-1010,-992,-1009,-944,-982,-973,-941,-897,-769,-424,233,322,-881,-1980,-2801,-2086,-1647,-2819,-1173,-465,-267,-733,-276,-137,-362,-535,-589,-608,-603,-467,-361,-385,-393,-248,-216,-230,-184,-188,-129,-78,-84,-93,-67,-37,-64,-49,-48,-58,-58,-63,-77,-79,-1902,-452,-2512,-5766,-9454,-4218,1509,829,754,-314,-1739,-2053,-1722,-1249,-850,-611,-591,-1228,-1284,-940,-1167,-990,-975,-891,-1099,-1039,-1107,-1088,-1116,-1127,2
-1015,-996,-1030,-1029,-1024,-1002,-1026,-959,-968,-977,-962,-957,-807,-574,-196,-39,-174,-1153,-2608,-3108,-2692,-2383,-1895,-1268,-844,-586,-15,133,-240,-366,-476,-543,-579,-622,-541,-466,-392,-281,-330,-265,-213,-41,-56,-32,-17,-34,-31,-41,-48,-50,-58,-60,-61,-79,-62,-1523,-4948,-2460,-6888,-5447,-475,1750,2084,239,309,-1762,-428,-2889,-2252,-1541,-602,-438,-614,-940,-1231,-1284,-1020,-1164,-1009,-890,-15,133,2
-1018,-976,-986,930,163,303,-1858,-3084,-3124,-2621,-2365,-974,-1702,-592,-413,-334,-185,55,-234,-117,-334,-473,-518,-338,-340,-406,-412,-373,-199,-288,-185,-88,-148,-16,-16,-4,-33,-36,-45,-52,-50,-60,-57,-65,-79,-91,-1641,-1576,-4733,-3036,-7167,3708,-29,-349,315,359,-840,462,-1737,-2386,-1509,-2126,-1112,-634,-678,-965,-1141,-1185,-1117,-1046,-1014,-1029,-1010,-976,-980,-968,-996,-1069,-1153,-1191,-1218,-1218,2
-988,-1004,-999,-1034,-1030,-1026,-1018,-978,-964,-971,-984,-939,-883,-951,-861,-498,181,-402,-1624,-2989,-3365,-2869,-2302,-1808,-1167,-935,-380,-1,-153,-26,-203,-418,-588,-643,-483,-359,-377,-407,-345,-231,-239,-171,-100,-3,-41,-85,-84,-62,-38,-47,-51,-61,-73,-63,-69,-1139,-1902,-2628,-5642,-6153,-262,1128,-110,123,401,-1686,-732,155,-2027,-2055,-1679,-1175,-504,-542,-730,-1101,-926,-1237,-1260,-1180,-1099,-1099,2
-983,22,-770,-120,459,-96,-1495,-2838,-2664,-1694,-2138,-1408,-1026,-494,-459,-298,-251,-164,-315,-481,-579,-747,-673,-587,-438,-527,-438,-460,-411,-368,-287,-229,-211,-169,-123,-114,-89,-59,-44,-40,-71,-108,-97,-57,-63,-61,-80,-86,-96,-116,-2760,-8479,-6338,-2497,6019,2277,428,694,838,-1043,-2096,-3114,-2881,-772,-1116,-327,-319,-1068,-1477,-1358,-1340,-1122,-970,-957,-975,-861,-758,-738,-812,-953,-1097,-1210,2
-1024,-1015,-1002,-1017,-1022,-998,-944,-969,-1052,-1038,-971,-1005,-941,-945,-942,-927,-897,-763,-219,-513,-268,-980,-1727,-1959,-1504,-1429,-1350,-1264,-911,-716,-650,-517,-571,-570,-627,-636,-620,-380,-383,-373,-385,-456,-423,-305,-278,-323,-176,-182,-189,-182,-163,-74,-28,-61,-140,-59,-46,-61,-79,-62,-65,-103,-86,-1219,-5645,-7541,-3322,4151,-197,135,48,32,-162,-1819,-830,-2107,-1954,-943,-1191,-697,-831,-791,2
-1003,-1004,-992,-991,-1006,-831,-1212,-733,-1359,-1163,-987,-935,-926,-921,-901,-794,-529,-902,-147,-96,-746,-1307,-1882,-2364,-1580,-1678,-1446,-1058,-711,-701,-541,-794,-773,-684,-596,-468,-447,-580,-517,-476,-351,-408,-330,-295,-177,-142,-69,-42,-15,-27,15,-22,-20,-33,-37,-36,-10,281,599,704,-695,375,-1300,-862,-5426,-2067,-5103,-6780,-723,371,491,99,660,-681,-1447,-1895,-1779,-1364,-852,-680,-702,-900,2
-1014,-1005,-1016,-1015,-1009,-1012,-1043,-989,-975,-965,-979,-1016,-841,-759,-379,97,-325,-1323,-1978,-2908,-1841,-2372,-1779,-1424,-924,-535,-509,-540,-594,-793,-848,-678,-777,-590,-599,-583,-583,-571,-361,-294,-332,-463,-278,-213,-173,-91,-16,-22,-24,-26,-33,-36,-35,-45,-48,-54,-65,328,-63,14,10,174,-1514,-7544,-2829,-9754,1246,-6046,222,272,705,437,-1139,-2400,3,-2669,-2241,-1145,-732,-483,-427,-633,2
-1014,-1011,-1015,-1021,-1004,-990,-991,-994,-1026,-1017,-1013,-1010,-1012,-1016,-1010,-1003,-1004,-1002,-962,-524,-140,365,67,-977,-1737,-2676,-3153,-2237,-2151,-1417,-723,-548,-707,-722,-691,-617,-477,-455,-413,-509,-468,-332,-412,-323,-281,-229,-343,-216,-223,-197,-162,-102,-59,-11,0,-40,-34,-40,-44,-44,-47,-50,-61,-57,-67,-1044,225,-1669,-1998,-10504,-5869,-5304,2013,-607,-13,-149,585,-783,-1628,-1819,-1866,-1437,2
-1017,-1061,-994,-999,-985,-996,-1001,-1001,-908,-994,-868,-745,-356,-465,332,-19,-1300,-2265,-3220,-2436,-1875,-1346,-604,-285,-345,-254,-574,-807,-299,-806,-671,-679,-569,-487,-518,-411,-343,-276,-294,-312,-318,-223,-238,-253,-192,-111,-68,-69,-115,-70,-38,-52,-60,-55,-61,-73,-72,-82,-93,-115,-8961,-4136,-8436,-1127,-5521,-306,-44,921,165,-3133,-2324,-876,-2596,-472,-1580,-89,-343,-580,-857,-1372,-1411,-1411,2
-1014,-984,-982,-991,-1023,-1047,-1044,-1018,-992,-980,-981,-987,-976,-603,228,-275,274,-1503,-232,-2624,-2304,-3148,-1898,-1892,-623,-683,-1406,-675,-650,-498,-623,-552,-342,-469,-276,-310,-310,-244,-296,-237,-295,-328,-260,-182,-163,-134,-102,-39,-73,-3,-30,-28,-48,-46,-65,-64,-78,-82,-1583,-94,-5613,-6929,-9367,-1648,4087,289,453,80,-1664,-2064,-1784,-1146,-818,-528,-570,-854,-1126,-1243,-1186,-1069,-995,-995,2
-1026,-1037,-1025,-977,-1001,-995,-892,-632,-209,-316,524,-1515,-142,-2806,-2344,-3164,-1660,-1747,-900,-436,-588,-460,-456,-452,-600,-765,-896,-805,-582,-693,-487,-447,-269,-225,-359,-210,-150,-103,-134,-205,-64,-44,-21,-40,-37,-34,-47,-55,-58,-58,-73,-82,-63,-1762,-710,-6248,-10291,-4195,-901,-588,-64,-1076,316,-1517,-1578,-1199,-844,-639,-643,-873,-1097,-1182,-1198,-1018,-1116,-985,-997,-965,-982,-999,-1063,-1086,2
-1025,-1033,-1019,-1008,-999,-947,-800,-409,-871,-525,57,-1113,-358,-1895,-2641,-1742,-2296,-1510,-1463,-1263,-630,-802,-842,-739,-975,-784,-641,-591,-577,-519,-476,-394,-383,-310,-190,-210,-77,-101,-64,-20,-72,-51,-25,-34,-38,-43,-50,-49,-52,-62,-69,-200,-81,-1538,-6848,-8831,-4199,-66,308,431,270,-308,-899,-1526,-1780,-958,-636,-617,-1083,-842,-1184,-1159,-1078,-983,-981,-997,-959,-997,-987,-1082,-1046,-1080,2
-1015,-1016,-1019,-1021,-993,-980,-986,-1000,-1019,-996,-997,-632,-454,-859,-651,-77,-279,-1819,-2479,-2472,-1954,-1605,-1335,-899,-490,-361,-501,-513,-661,-912,-945,-831,-719,-598,-610,-507,-465,-379,-322,-304,-273,-293,-291,-275,-223,-179,-53,-159,-34,-19,-44,-35,-50,-55,-52,-65,-69,-72,-1183,-2111,-5874,-2539,-366,-466,77,-364,-888,-1337,-1335,-1167,-908,-722,-724,-872,-1102,-1031,-1136,-961,-948,-985,-1004,-1004,2
-1016,-978,-1018,-752,-730,-286,-667,138,-850,101,-1876,-2742,-2008,-2112,-2557,-1578,-917,-633,-754,-749,-674,-633,-521,-573,-672,-520,-391,-327,-246,-125,-80,-52,-176,-175,-139,-165,-74,-25,-39,-39,-44,-47,-46,-54,-57,-53,-58,-69,-169,-937,-3755,-4363,-4234,-1709,-756,320,-220,140,-793,-1667,-1262,-1962,-581,-252,-395,-815,-1232,-1296,-1428,-1075,-914,-962,-914,-1011,-977,-1094,-1107,-1093,-1078,-1077,-1028,-1028,2
-971,-966,-1015,-1029,-1021,-1003,-616,-804,-778,-499,-319,-603,-1792,-2094,-1183,-1738,-2114,-1509,-1204,-910,-724,-546,-328,-413,-590,-711,-733,-790,-792,-706,-547,-605,-496,-347,-462,-445,-451,-509,-353,-483,-267,-277,-178,-197,-106,-46,-76,-10,-68,-104,-62,-54,-76,-63,-77,-502,-84,-6938,-3832,-6990,-4091,591,816,499,-434,-1301,-2107,-1315,-2019,-799,-448,-849,-526,-1181,-1348,-1376,-1233,-1060,-945,-987,-841,-841,2
-996,-1027,-1025,-1023,-967,-868,-869,-695,-598,156,116,-1123,-1548,-2205,-1993,-1917,-1462,-1038,-597,-336,-188,-345,-837,-971,-962,-968,-704,-484,-426,-396,-406,-378,-176,-160,-258,-346,-215,-319,-284,-283,-232,-226,-230,-195,-183,-167,-124,-95,68,-103,-64,-22,-215,-672,-2348,-3872,-6331,-6668,-483,743,650,293,-225,-1363,-822,-1669,-1717,-1105,-1479,-796,-668,-693,-896,-1201,-1207,-1113,-986,-916,-929,-976,-1059,-1028,2
-993,-997,-1010,-1036,-916,-1028,-958,-1071,-1032,-994,-802,-788,-952,-838,-725,-449,-264,-1016,-1578,-2345,-2266,-2146,-1985,-1712,-1118,-684,-404,-231,-293,-323,-588,-624,-700,-759,-647,-511,-427,-431,-372,-472,-281,-327,-262,-257,-245,-165,-173,-161,-228,-174,-313,-196,-176,-66,-146,-49,-149,-228,-427,-128,-1199,-7228,-5433,-542,-3131,308,330,339,310,-196,163,-34,-259,-1769,-2789,-668,-2376,-506,-1298,-155,-52,-1016,2
-1007,-1015,-979,-1041,-956,-1029,-1051,-1037,-998,-725,-977,-562,-210,158,-1330,-1961,-2465,-2680,-2278,-1961,-2324,-1199,-893,-624,-512,-360,-325,-331,-423,-384,-322,-228,-201,-265,-391,-469,-446,-438,-405,-391,-337,-291,-146,-109,-25,-22,21,-17,-15,-27,-48,-61,-54,-68,-66,-71,-78,-1974,-4212,-8955,-6800,-2979,676,640,839,328,-876,-1773,-2074,-1107,-1779,-520,-603,-956,-1273,-1363,-1291,-1151,-1045,-964,-984,-968,2
-1019,-999,-995,-1025,-986,-1014,-1016,-1040,-1027,-985,-910,-906,-240,-851,12,-162,-1404,730,-2405,-2333,-2208,-2075,-1535,-726,-373,-520,-601,-489,-391,-363,-467,-435,-332,-370,-364,-347,-323,-363,-384,-341,-332,-304,-298,-284,-328,-256,-27,-234,-26,-212,-52,-164,-114,-50,-7,-70,-45,-93,-84,-109,-1439,-94,-4611,-7902,-2828,-1164,487,1288,400,1101,-681,-1769,-2359,-2001,-1367,-790,-487,-722,-1080,-1347,-1378,-1230,2
-1019,-1016,-1026,-996,-973,-1021,-1027,-1060,-1051,-1015,-982,-881,-845,-939,-932,-749,-403,-7,-719,-2230,-2644,-1478,-2124,-2318,-1652,-1034,-530,-93,-415,-62,-780,-898,-852,-593,-448,-476,-488,-470,-449,-411,-410,-420,-441,-446,-354,-427,-315,-341,-234,-200,-286,-167,-144,-152,-212,-237,-232,-237,-351,-445,-794,-3260,-264,-5558,-3612,-5881,-1312,640,88,469,-124,-1523,-761,-1798,-1756,-1313,-750,-792,-780,-873,-995,-1084,2
-1017,-1049,-985,-981,-984,-936,-982,-830,-977,-928,-303,-57,-915,-701,-1550,-2672,-2527,-1778,-1652,-1669,-1081,-331,-651,-194,-903,-1089,-1048,-937,-682,-568,-466,-415,-333,-320,-283,-277,-264,-245,-315,-231,-327,-345,-349,-380,-372,-373,-364,-356,-346,-349,-372,-392,-413,-444,-447,-524,-697,-3577,-952,-534,-5981,-5296,-3446,-1204,80,492,333,-12,-614,-841,-1133,-1518,-1679,-1595,-1341,-987,-765,-738,-779,-869,-1062,-1015,2
-1004,-968,-977,-1034,-1015,-1040,-982,-1072,-1033,-969,-920,-968,-979,-915,-874,-786,-345,42,-321,-1185,-2560,-1919,-2451,-1283,-1810,-848,-607,-152,-20,-475,-652,-743,-752,-546,-625,-378,-467,-336,-289,-367,-371,-432,-384,-463,-588,-574,-641,-543,-433,-620,-371,-352,-427,-297,-317,-308,-284,-269,-274,-531,-380,-980,-3493,-4439,-4434,-3924,-2062,-583,230,473,350,81,-438,-1048,-1566,-1905,-1615,-1199,-863,-651,-656,-582,2
-890,-901,-854,-666,-250,-306,-1590,-884,-1987,-2194,-1991,-1858,-1148,-1463,-288,-203,-3,-392,-497,-922,-767,-793,-877,-706,-589,-461,-422,-414,-406,-346,-448,-418,-422,-398,-406,-350,-330,-295,-274,-249,-238,-222,-233,-210,-228,-249,-422,-319,-501,-2420,-5685,-6133,-4936,-2204,-483,324,341,220,-52,-123,-322,-252,-655,-1489,-2356,-2586,-2243,-1523,-813,-390,-264,-280,-689,-1050,-1426,-1704,-1682,-1361,-986,-700,-535,-714,2
-1023,-982,-971,-986,-981,-991,-947,-804,-920,-391,-230,-548,-1437,-1986,-2316,-2124,-1844,-1826,-1496,-962,-527,-325,-281,-350,-580,-633,-475,-309,-197,-188,-186,-189,-195,-197,-208,-265,-321,-392,-445,-431,-459,-337,-284,-223,-148,-157,-161,-225,-212,-209,-260,-259,-265,-290,-369,-1259,-483,-3912,-4786,-6584,-4533,-1628,183,626,426,246,72,-50,-250,-210,-1550,-2902,-2431,-2456,-1542,-741,-306,-203,-210,-309,-533,-533,2
-983,-1003,-1016,-1025,-1042,-991,-910,-887,-885,-903,-898,-962,-132,-587,-15,-1408,-2675,-2800,-2495,-2057,-1029,-1532,-707,-278,-560,-310,-328,-386,-482,-474,-414,-358,-367,-377,-368,-377,-389,-357,-383,-337,-366,-139,-215,-184,-196,-224,-223,-256,-221,-279,-355,-379,-513,-575,-719,-943,-2813,-4220,-5578,-4265,-2026,268,269,-295,148,0,-102,-315,-461,-1595,-2221,-557,-2564,-2190,-1428,-745,-381,-274,-280,-434,-703,-1018,2
-907,-1099,-1097,-1077,-1006,-934,-1012,-959,-1008,-937,-908,-973,-894,-895,-807,-155,183,-411,-1478,-2599,-2777,-2239,-1836,-1770,-794,-1172,-313,-223,-382,-673,-727,-665,-564,-426,-380,-297,-282,-282,-291,-258,-245,-235,-302,-313,-204,-204,-167,-174,-116,-68,-110,-69,-220,-185,-185,-206,-203,-291,-599,-1764,-5571,-5465,-5562,-3073,-1190,142,555,518,298,-179,-535,-789,-1149,-1721,-1751,-1447,-915,-1174,-616,-671,-861,-670,2
-1008,-1020,-1007,-900,-956,-1008,-1036,-910,-706,-957,-849,-444,-21,-901,-1585,-2643,-2745,-2069,-1967,-1588,-912,-729,-492,-429,-661,-452,-637,-644,-548,-536,-447,-373,-363,-382,-480,-459,-419,-341,-351,-343,-305,-139,-123,-121,-92,-61,-70,-64,-74,-9,-21,6,-92,-105,-180,-1549,-3530,-5989,-6921,-4843,-1811,314,991,960,571,-99,-666,-1003,-1454,-1713,-1389,-1076,-825,-796,-912,-1020,-1121,-1140,-1060,-948,-894,-902,2
-983,-763,-776,-957,-817,-607,-472,-349,-357,-929,-2053,-2684,-2243,-1449,-1080,-965,-1267,-1026,-1516,-1196,-1189,-1350,-1285,-1120,-724,-269,-54,-203,-284,-399,-405,-374,-204,-258,-261,-223,-189,-272,-101,-61,-14,-34,-31,-41,-110,-151,-200,-234,-183,-197,-213,-202,-252,-1093,-1368,-6517,-1686,-5660,-3321,-650,569,762,456,299,155,-1,-101,-1061,-1981,-2805,-2001,-2805,-1098,-137,-124,-332,-682,-1038,-1371,-1552,-1525,-1312,2
-1019,-934,-929,-1047,-999,-929,-875,-915,-861,-612,-103,19,-558,-1685,-2990,-2601,-1749,-2203,-1131,-709,-224,-182,-384,-228,-272,-377,-557,-634,-640,-531,-502,-497,-403,-283,-377,-305,-384,-369,-303,-213,-119,-141,-69,-122,-122,-130,-150,-159,-203,-248,-448,-324,-600,-874,-1432,-4024,-5248,-5360,-1600,-162,382,380,198,-96,-477,-396,-550,-775,-1246,-1497,-1957,-1883,-1629,-719,-514,-486,-696,-971,-1162,-1294,-1270,-1030,2
-996,-1023,-1037,-1029,-1083,-1296,-1689,-2313,-3238,-3691,-3445,-1294,-2517,-361,-71,-53,37,-43,-95,-70,-190,-222,-158,-232,-61,-45,-19,75,92,81,-44,-23,6,37,-10,40,39,48,47,30,14,31,4,-4,-17,-51,-75,-37,-22,-94,1764,-3840,-52,573,-864,-3045,534,-315,-1639,-3401,-1591,-3401,-865,-13,-81,-559,-1156,-1600,-1201,-1561,-922,-801,-860,-1047,-949,-1116,-1138,-1098,-933,-1013,-899,-952,3
-1037,-1017,-1019,-1061,-1094,-1118,-1168,-1300,-3127,-2472,-3174,-3448,-2340,-472,-1297,204,280,386,217,169,190,103,164,-193,-261,-387,-511,-559,-584,-487,-598,-296,-27,-142,-66,-86,57,40,67,66,57,62,61,54,50,38,22,18,-1378,-7895,-10134,-8711,-4287,-1695,-273,7793,-52,1438,0,1570,-337,-1039,-3064,-1587,-2132,-433,-43,-80,-633,-1260,-1632,-1114,-746,-1472,-543,-686,-981,-1208,-1052,-864,-817,-1004,3
-1003,-994,-996,-1274,-2264,-1813,-3134,-3893,-3516,-1540,-2621,-352,136,-101,-254,-211,-254,-357,-328,-283,-200,-148,-64,-33,122,183,128,138,113,56,29,41,42,18,27,20,3,17,1,-6,-15,-25,-46,-54,-60,-82,-97,-92,-85,-136,-6336,-6655,-6571,-3559,-968,995,-16,-450,680,1757,-1452,784,-2920,-4607,-3165,152,-194,-223,-1255,-910,-1746,-1605,-1394,-989,-662,-485,-942,-1179,-1338,-1300,-1084,-892,3
-778,-1104,-1261,-1413,-1578,-1875,-2554,-3427,-3567,-2806,-1787,-1002,-345,21,-184,-242,-211,-277,-311,-384,-446,-330,-127,71,87,-187,-171,6,55,62,36,41,36,23,32,21,14,12,0,-12,-20,-31,-48,-66,-142,-78,-61,-136,-9926,-162,-8681,-8445,-5278,1208,632,137,1435,-593,-323,-1802,-1480,-1959,-1090,-855,-714,-822,-1046,-1191,-1138,-994,-833,-877,-890,-992,-1077,-1037,-1038,-1118,-1176,-1220,-1153,-1329,3
-988,-1010,-1016,-1000,-1041,-1182,-1145,-1407,-1859,-3340,-3734,-3207,-2259,-1237,-456,-9,36,47,111,156,175,77,-2,-142,-85,-130,-149,-120,-122,-263,-196,2,51,55,40,47,69,57,33,32,22,6,-6,-25,-31,-13,-46,63,17,-61,-152,-2370,-6358,-4331,-6138,-1317,4544,758,1307,877,1092,-983,-3222,-4435,-3419,-709,-67,-310,-1058,-1674,-1665,-1237,-853,-704,-916,-1064,-987,-1047,-999,-1102,-1000,-997,3
-1062,-1108,-1119,-1198,-1802,-1373,-2469,-3205,-3541,-3006,-1074,-430,-290,-254,-230,-221,-281,-276,-181,-89,-114,-56,55,28,-64,-11,36,35,67,40,41,55,35,33,36,35,31,22,15,-3,-10,-34,-20,-57,-70,-113,-2264,-5470,-5899,-2962,-4537,-1417,-1105,1328,4164,12,8,-413,-556,-2804,-4343,-3391,-156,-1658,40,-333,-741,-1013,-1311,-1240,-1118,-973,-899,-913,-982,-944,-971,-978,-1047,-1093,-1050,-1050,3
-1051,-1016,-1060,-1071,-1182,-1438,-1924,-2741,-3324,-2528,-1485,-540,-317,-419,-366,-306,-191,-277,-349,-513,-454,-414,-545,-188,-350,127,346,204,35,34,65,31,38,40,25,18,33,19,12,2,-15,-5,-23,-25,-50,-74,-61,-88,-86,-82,-62,-55,-5448,-6721,-7419,-4501,2428,633,2172,-982,962,-1135,-1937,-2696,-2462,-330,-1613,-339,-698,-1482,-1200,-1417,-1126,-813,-657,-720,-936,-1120,-1220,-1243,-1103,-1202,3
-1051,-1082,-1091,-1436,-1159,-2662,-3293,-3447,-2812,-1877,-859,-231,-370,-142,22,-66,-205,-378,-74,-229,64,164,155,143,103,72,49,-26,11,49,34,15,30,35,24,12,4,-5,-15,-28,-33,-43,-103,-66,-2590,-5761,-6034,-4282,-2026,2155,-929,679,0,955,769,-21,979,-1755,-4757,-2838,-3475,-1032,-69,-868,-310,-1155,-1430,-1315,-1004,-1095,-818,-880,-825,-966,-1028,-1021,-1031,-1037,-1039,-1013,-961,-961,3
-1000,-1012,-1023,-1060,-1126,-1251,-1472,-1856,-2862,-2811,-2412,-1600,-761,-575,-545,-590,-621,-522,-328,-326,-433,-343,-301,-275,-166,-166,-97,-16,-39,29,33,33,46,40,44,44,32,17,0,-18,-25,-2,-42,-58,-74,-87,-88,-90,-5404,-8100,-5502,2386,-8056,-423,845,-244,803,-504,-1554,-2537,-2629,-1402,-1385,-803,-544,-601,-1181,-1237,-1135,-990,-946,-1012,-1161,-1249,-1223,-1088,-899,-702,-600,-652,-828,-1022,3
-1012,-1000,-1027,-985,-991,-1014,-1028,-1033,-1124,-1187,-1493,-1959,-2712,-3082,-3073,-2440,-1661,-630,-176,108,-98,-161,-286,-407,-345,-465,-523,-560,-593,-518,-409,-284,-83,43,-54,165,295,55,42,80,80,42,38,45,30,38,41,18,19,9,0,-8,-34,-46,-73,-99,-124,-152,-805,-7686,-10385,-8535,-4733,1338,-1675,4151,566,176,1176,-544,-3314,-4491,-1832,-54,-3505,278,-871,-155,-799,798,-1580,-1469,3
-1021,-1026,-1031,-1031,-1087,-1270,-1642,-2097,-2652,-2973,-2661,-2100,-1511,-1014,-711,-597,-532,-462,-484,-554,-566,-364,-269,-195,-160,-41,-107,-165,-80,-125,54,7,51,36,40,44,31,31,25,18,4,-1,-19,-37,-29,-61,-77,-85,-82,-547,-4738,-7422,-9095,-6675,6028,2121,788,1400,328,-353,-1940,-3470,-1784,-589,-36,-29,-494,-1576,-1542,-1107,-1238,-914,-611,-522,-763,-1132,-1369,-1314,-1114,-905,-707,-1021,3
-1038,-1078,-1073,-1037,-982,-1016,-1212,-1586,-2039,-2809,-3233,-3360,-2462,-1634,-488,-337,-922,-222,-122,-399,-472,-472,-417,-361,-313,-174,69,87,61,-22,-28,30,27,32,41,31,30,40,22,32,21,14,1,-2,-20,-22,-37,-48,-91,-115,-126,-148,-8843,-8558,-7728,-4233,-1024,9892,-3028,2769,-849,288,-2714,-3132,-2465,-1132,-454,-444,-852,-1132,-1072,-1110,-1053,-944,-811,-872,-1153,-1033,-952,-965,-967,-1003,3
-1012,-1006,-1015,-1030,-1014,-1059,-1181,-1408,-1852,-3697,-3421,-3183,-2164,-1024,-403,-154,-146,-144,-195,-262,-370,-403,-367,-190,-1,195,308,138,-60,56,32,36,53,45,38,28,28,21,3,-8,-12,-25,-33,-42,-61,-55,-65,-114,-274,-424,-225,64,-4014,-4821,-3735,-4822,-1476,2311,1865,-59,-1628,-2248,-2293,-1270,-1597,-869,-768,-608,-981,-1169,-1045,-1090,-877,-921,-1030,-1087,-1036,-937,-939,-919,-937,-939,3
-1019,-1017,-1006,-1000,-1007,-1032,-1274,-1119,-1762,-2485,-3741,-3493,-3147,-2236,-1426,-795,-410,-169,-127,-195,-136,-167,-235,-207,-85,200,95,65,166,63,68,55,46,67,81,45,272,10,453,-154,153,-11,59,-63,17,-59,-43,-99,-218,-3708,-6298,-5993,-3055,-1090,-858,-255,-1039,4477,-998,4811,2767,-3227,-4296,-951,-5241,-429,-357,-1653,353,153,-831,-1539,-1819,-1558,-719,-900,-912,-1077,-1157,-1055,-927,-911,3
-1016,-1012,-1013,-1013,-1117,-1490,-1977,-1359,-2474,-2706,-2559,-1435,-1351,-1259,-1082,-1291,-871,-719,-479,-400,-646,-309,-109,-183,65,57,88,56,45,62,49,50,32,31,23,12,0,-12,-21,-32,-39,-61,-34,-52,-3,-4302,-1462,-2712,-2329,-1583,-13,654,6369,787,-37,-5245,-3522,-2119,-896,-377,-206,-391,-822,-1095,-1285,-1241,-956,-843,-899,-980,-1007,-965,-982,-1034,-1067,-993,-935,-941,-947,-904,-946,-946,3
-1020,-983,-987,-1019,-1018,-1041,-990,-978,-969,-1007,-1053,-1073,-1181,-1433,-1837,-2402,-3218,-3518,-3109,-1018,-2108,-841,-720,-613,-362,-496,-388,-369,-504,-456,-168,-171,-168,-181,-120,-12,-91,15,11,21,17,47,23,14,34,21,32,25,7,-10,2,-30,-22,-49,-36,-78,-91,-119,-150,-325,-5878,-10584,-9544,-5603,1511,6056,664,79,985,1285,53,-727,-4581,-3610,-3814,-1808,-281,-914,-380,183,-380,183,3
-1011,-1008,-1001,-1021,-1474,-1003,-1748,-2265,-1892,-2851,-3262,-1536,-1191,-1167,-1066,-968,-618,-842,-507,-416,-318,-238,-261,217,90,1,-136,13,40,53,47,39,49,38,32,33,32,30,23,16,-13,-31,-44,-16,-88,-55,-127,-107,-124,-122,-185,-9227,-8980,-9008,3015,774,1001,-16,694,610,-1592,-3311,-1809,-421,-4108,363,96,-1599,-788,-1466,-497,-910,-442,-833,-1265,-1463,-1282,-934,-749,-792,-965,-989,3
-1049,-1016,-1044,-986,-971,-972,-980,-1028,-1151,-1620,-1338,-2069,-2878,-3381,-3064,-2420,-1567,-1009,-592,-613,-463,-386,-382,-326,-473,-539,-452,-251,74,-53,-80,31,41,44,46,34,44,41,49,44,26,26,31,15,9,0,-35,-10,-52,-71,-93,-117,-1845,-5750,-553,-10087,-10737,-4373,4434,291,-149,739,335,110,-2112,-2888,-649,-1995,-2709,-1036,-349,-219,-1182,-45,-664,-1577,-981,-645,-1369,-959,-725,-1006,3
-1045,-996,-1011,-992,-1016,-1122,-1342,-1768,-2267,-3162,-3297,-1904,-2879,-1237,-956,-787,-660,-634,-614,-576,-345,-423,-263,-214,64,-70,31,40,40,52,38,38,24,12,32,28,-5,5,-18,-23,-30,-55,-60,-60,-45,-23,7,33,-1726,-2214,-742,-2751,-1270,519,-74,1207,2604,477,-403,-2567,-3954,-4338,-2092,-259,416,-587,301,-1451,-1859,-1670,-1054,-573,-739,-1335,-1098,-1284,-1065,-891,-814,-840,-994,-1016,3
-1023,-1172,-1060,-1446,-1954,-2605,-3168,-3358,-2759,-1152,-699,-441,-469,-568,-477,-408,-509,-433,-553,-648,-599,-401,-226,-172,-183,6,40,51,45,37,44,28,41,116,155,40,-9,-4,-20,-37,-37,-39,-65,-72,-83,-68,-90,-65,-2599,-47,-5707,-4966,-4506,1586,1551,-2046,380,2651,-232,69,-1169,-2591,-3547,-1371,-2705,-417,-73,-189,-1267,-1621,-1573,-920,-1273,-485,-629,-1009,-1293,-654,-1373,-1240,-1040,-880,3
-990,-975,-981,-997,-1052,-1183,-1501,-2029,-2542,-3101,-2682,-1829,-3177,-1046,-850,-635,-685,-650,-723,-660,-452,-578,-264,-131,-96,-43,54,60,43,42,51,36,38,-17,-17,-28,-45,-68,-83,-80,-61,-47,-6472,-3628,-4828,-4558,4046,-1086,-19,30,-359,1296,1593,-292,-3829,-3306,-2242,-1120,-427,307,53,-729,-1557,-1970,-1610,-1051,-568,-323,-524,-1256,-1318,-1443,-987,-766,-728,-910,-1145,-1276,-1259,-1156,-1025,-999,3
-1013,-1015,-1048,-1171,-1378,-2458,-1782,-3161,-3388,-2017,-1270,-949,-748,-669,-607,-509,-405,-514,-578,-527,-375,-185,-243,101,58,44,42,34,38,29,35,34,20,12,9,-2,-11,-41,-37,-53,-17,-102,-27,9,-357,-160,4,-96,-4774,-6854,-8170,4899,-430,1104,2685,254,-1793,-3031,-3162,-1985,-709,727,6,-216,-1269,-736,-1577,-1474,-1167,-846,-714,-716,-799,-1057,-929,-1126,-1193,-1198,-1031,-959,-1136,-945,3
-1011,-988,-1035,-1027,-1011,-1002,-1025,-1243,-1488,-2479,-1964,-3013,-3129,-2484,-772,-1525,-744,-741,-640,-562,-549,-548,-465,-391,-173,-75,10,30,104,89,95,84,70,69,62,70,32,53,41,17,0,21,-12,-16,-134,-830,-563,-911,-914,-159,-12254,-6160,-5785,-594,1196,2215,1470,-501,-2770,-2389,-1022,29,201,-371,-984,-1585,-1397,-1445,-1163,-701,-487,-635,-912,-1279,-1224,-1044,-896,-872,-838,-956,-1053,-1103,3
-1015,-1034,-1267,-1138,-1493,-1912,-2650,-3215,-3259,-2906,-1186,-896,-802,-651,-622,-689,-491,-414,-674,-519,-616,-312,-159,-223,8,-83,11,38,-11,-6,38,24,6,33,19,16,26,19,15,6,2,-3,-32,-18,-38,-57,-107,-72,-157,-127,-6691,-421,-13002,-5332,-1118,4337,1797,4890,1316,-477,1828,-1114,-4200,-5063,-4344,-1107,204,-212,137,-765,-1433,-1855,-1708,-1200,-1107,-1024,-1107,-949,-914,-942,-1001,-1058,3
-1014,-1005,-1006,-1398,-1742,-1038,-2134,-2681,-2909,-2733,-1713,-1081,-1090,-1183,-1153,-1118,-1191,-761,-845,-767,-563,-261,180,64,-20,49,26,77,23,-72,25,-61,25,1,4,6,-6,-6,-7,-25,-23,-48,-56,-73,-78,-90,-58,-47,-31,-274,-4279,-4940,-3938,-2185,1267,2273,287,-120,-105,134,-1648,-3331,-283,214,236,-2312,-155,-1809,-991,-1699,-2134,-978,-539,-404,-508,-1420,-1328,-1241,-1054,-817,-770,-988,3
-1009,-1013,-1025,-1065,-1148,-1510,-1952,-2467,-2875,-2911,-2354,-1833,-1470,-1164,-794,-920,-704,-652,-793,-642,-260,-378,0,-46,8,83,71,53,40,49,41,34,30,29,12,22,-6,0,-29,-36,-34,-42,-32,-11,171,1854,-703,102,-3313,-10317,-11985,403,-3172,414,-511,1649,2084,600,-265,-1679,-2846,-3337,-2198,190,-158,-688,-366,-1171,-1425,-1343,-1129,-1492,-793,-942,-770,-838,-950,-1118,-1123,-1071,-1044,-1010,3
-1010,-1009,-1003,-997,-1003,-1003,-1010,-1030,-1051,-1098,-1557,-1786,-2807,-3028,-2638,-2050,-1368,-673,-878,-762,-824,-880,-875,-759,-800,-641,272,-17,-43,88,113,118,75,40,89,24,33,51,5,12,-2,-14,28,-11,-5,6,41,-1637,240,284,1196,-17,-426,-7464,-1691,-284,-11273,3589,-258,-73,-369,129,-1317,-2262,-2358,-1858,-843,-528,-656,-771,-973,-986,-967,-1035,-1113,-1117,-1079,-963,-969,-930,-870,-872,3
-1003,-989,-1020,-1001,-1017,-1019,-1027,-1069,-1110,-1575,-2020,-2487,-2765,-2373,-1771,-1154,-1024,-1090,-1159,-1138,-1103,-1176,-901,-1115,-780,-627,-457,-421,-86,63,51,43,23,42,39,33,39,26,11,20,2,-9,-6,-18,-3191,-2993,1109,-343,20,28,82,52,-127,-10424,-6413,-8532,-3310,1564,-277,2783,-13,1425,1402,521,235,-3771,-1667,-1411,-3708,280,-221,380,123,-383,-984,-1619,-2002,-1828,-1357,-950,-691,-592,3
-999,-1037,-988,-1000,-992,-1002,-1023,-1083,-1781,-1235,-2399,-3074,-3302,-2951,-2055,-1199,-656,-442,-557,-663,-615,-669,-754,-626,-805,-498,-336,-195,-259,-373,-150,64,59,60,49,41,36,38,22,13,0,2,0,-29,-34,-40,-43,-36,-17,16,42,-20,-1460,1112,-3800,-8411,-1946,-8102,1888,321,-1150,-1902,-1429,-2291,7385,-1979,-1494,-927,-1225,-1181,-818,-646,-850,-1113,-1160,-1018,-979,-987,-1000,-1020,-926,-1042,3
-1018,-995,-999,-1008,-1022,-1204,-1587,-1662,-2557,-2033,-2504,-1557,-2001,-1276,-1220,-1221,-1354,-1232,-1080,-1057,-1140,-988,-776,-598,-421,-544,0,-314,66,66,31,45,47,30,40,26,23,15,4,-5,-17,-33,-42,-18,-55,-44,-61,-16,20,782,250,159,-4229,-7496,-9053,-353,1801,839,-65,-499,-2250,-2774,-1779,-944,-428,-738,-985,-1112,-1094,-995,-952,-1012,-930,-893,-1023,-932,-1110,-1114,-944,-926,-983,-1072,3
-1036,-1019,-1008,-1000,-2327,-3484,-1066,-2816,-1981,-3387,-1082,-997,-1061,-1126,-1114,-1025,-886,-746,-599,-447,-164,-301,-90,-8,-13,-4,2,-15,-30,-29,-37,-48,-43,-61,-65,-71,-58,-67,-282,-79,-75,-18,-52,-3317,-9822,-3126,-9956,-3915,2262,687,721,-569,-2862,947,-2298,-1527,-339,-283,-103,-505,-884,-1256,-1441,-1326,-1135,-930,-827,-925,-1006,-1104,-1145,-1113,-1000,-943,-937,-972,-993,-1034,-1087,-1124,-1055,-1009,4
-1026,-1008,-1001,-1003,-1001,-1008,-1011,-1014,-1001,-1143,-1475,-1008,-2928,-3575,-3553,-3086,-1986,-1442,-1139,-874,-918,-881,-896,-671,-797,-579,-442,-258,-227,-222,-220,-194,-162,-168,-93,-110,-147,-101,-76,-17,49,143,91,25,-86,-60,-101,-98,-422,-2802,-8749,-2299,-9135,-199,-1657,-748,807,1100,248,-1560,-2341,-563,-2416,-1681,-756,-601,-657,-607,-734,-915,-1095,-1275,-1140,-1012,-952,-947,-939,-957,-1001,-1054,-1057,-1072,4
-1012,-1025,-998,-1019,-945,-940,-966,-1067,-1988,-2150,-2569,-3281,-3332,-2875,-2033,-1231,-996,-923,-1373,-875,-847,-894,-710,-520,-442,-352,-316,-332,-293,-312,-304,-333,-338,-291,-271,-244,-181,-145,-101,43,225,274,250,216,183,240,323,10,-135,-7177,386,-264,-2968,-8681,1149,641,333,-276,-1444,-2297,-2406,-1566,-980,-637,-671,-452,-952,-1225,-1329,-1280,-1116,-966,-882,-874,-904,-963,-1053,-1117,-1102,-946,-965,-1037,4
-1018,-1000,-1001,-1018,-1006,-1260,-1531,-2105,-2613,-3366,-2873,-3276,-2210,-1699,-1339,-1140,-963,-786,-666,-753,-636,-461,-347,-317,-250,-206,-161,-182,-226,-227,-194,-209,-36,-189,4,328,340,335,350,437,168,372,37,60,59,-15,-540,-10122,-4617,-445,-2603,550,998,-763,-2041,-2230,-1521,-790,-491,-325,-525,-913,-1121,-1089,-1004,-859,-878,-1065,-1114,-1123,-989,-1040,-986,-994,-1025,-1027,-1016,-982,-981,-1015,-1013,-1013,4
-1002,-1010,-1010,-988,-1032,-1249,-963,-997,-1976,-2297,-2944,-2692,-2453,-1927,-1527,-1320,-1269,-1198,-1082,-1027,-972,-825,-667,-399,-279,-539,-293,-285,-270,-227,-204,-193,-152,-172,-88,590,-32,303,134,207,222,153,105,416,169,19,-76,-8746,-10094,-151,-3808,-8289,-3782,-183,-958,-239,272,-1232,-130,-1859,-2190,-1925,-797,-749,-650,-632,-699,-1068,-1197,-892,-1232,-1148,-935,-939,-961,-982,-1008,-1045,-1077,-1053,-980,-959,4
-885,-892,-923,-989,-1085,-1168,-1679,-1390,-2609,-2287,-2945,-1522,-2748,-1357,-1106,-887,-880,-925,-864,-956,-866,-824,-741,-519,-617,-443,-289,-287,-271,-227,-232,-222,-174,-116,-38,-107,41,30,32,-3,-68,-73,-77,-7554,-7554,-3418,-7295,3126,-2568,242,-532,-735,-2152,-1891,-1225,-745,-602,-588,-571,-734,-933,-1032,-1058,-1139,-1125,-1029,-915,-936,-1007,-1052,-1041,-1062,-1019,-1019,-1022,-1013,-1010,-1022,-1003,-998,-993,-993,4
-1021,-1020,-1008,-1006,-972,-1216,-2384,-2023,-3188,-2867,-3096,-1551,-2692,-1108,-1276,-1236,-1083,-942,-591,-725,-409,-556,-387,-314,-393,-203,-229,-154,-293,-232,-262,-233,-148,287,-63,168,205,150,68,-9,-27,-19,-74,-42,-222,-142,-53,-2457,-9306,-7666,4459,140,316,-326,298,165,-939,-440,-1752,-2137,-1190,-1835,-794,-726,-880,-740,-974,-1122,-1260,-1214,-1134,-955,-807,-819,-916,-1012,-1061,-1189,-1052,-1131,-1066,-1005,4
-979,-980,-977,-1007,-1034,-1165,-1821,-2220,-2490,-3084,-3261,-3355,-2016,-1735,-1208,-1574,-757,-924,-487,-401,-361,-160,-261,-13,-79,-216,-110,-181,-21,45,-10,32,-24,-45,-46,188,72,375,482,220,143,13,-18,-48,-28,-11987,-71,-6146,-7682,-2424,-2263,1197,-333,713,214,-988,-2198,-1436,-285,-733,-987,-832,-525,-1146,-698,-1310,-1413,-1053,-707,-811,-1013,-1174,-1137,-1126,-1034,-943,-913,-922,-979,-1041,-1052,-1061,4
-1014,-1018,-1014,-1013,-1005,-1007,-1077,-1117,-1961,-2923,-2915,-2742,-2641,-1591,-1558,-1692,-1560,-1287,-1057,-850,-671,-481,-295,-197,-70,-22,-13,-21,-52,-26,-22,-18,-27,12,122,457,1,34,33,29,27,-53,-45,-55,-72,-85,-528,-7980,-9138,-5173,-3826,-1588,181,1121,1523,-221,-1732,-2516,-2676,-1676,-557,-469,-347,-343,-651,-1079,-1333,-1383,-1290,-1118,-886,-925,-866,-1002,-1076,-1102,-1093,-1049,-990,-948,-973,-1011,4
-1038,-1017,-1014,-979,-1003,-976,-982,-991,-1024,-1050,-1082,-1020,-1344,-2393,-3084,-1975,-3494,-3384,-2829,-1764,-1231,-1165,-1071,-875,-1171,-655,-586,-584,-203,-412,-19,7,-124,-9,-115,-112,-112,-78,-50,-1,-7,4,309,221,15,-60,357,156,11,-283,-11151,-8348,-5510,-2311,57,1453,1571,843,-1156,-2623,-2762,-1844,-958,-61,-420,-947,-1273,-1442,-863,-1181,-779,-861,-1032,-1217,-1307,-1189,-1078,-1051,-1219,-1253,-1252,-1057,4
-1000,-1016,-1031,-1009,-1021,-999,-1017,-1000,-991,-1015,-1035,-1023,-1321,-1689,-3252,-3711,-2449,-3372,-2630,-1690,-660,-541,-608,-735,-732,-732,-789,-618,-421,-325,-273,-163,-47,25,60,-10,-27,-40,-34,-51,-42,344,57,-101,-51,-119,45,-53,-71,-127,-6480,-9399,-6742,-1463,-2966,95,1041,1259,-270,392,-2024,-1549,-2017,-1162,-559,-632,-864,-1090,-1168,-1160,-1095,-976,-955,-985,-1028,-1051,-1052,-1017,-993,-983,-982,-974,4
-1037,-1021,-1020,-1024,-1501,-2284,-3019,-4166,-3279,-2033,-1126,-676,-468,-638,-612,-389,-623,-685,-684,-508,-417,-124,-188,-238,-225,-258,-253,-298,-240,-247,-201,-212,-158,-30,-30,-26,-11,-39,-83,-73,85,94,-177,-4445,-8723,-7896,-4605,-1171,650,369,932,-99,-2338,-1461,-2266,-930,-1684,-347,-471,-526,-868,-1209,-1357,-1230,-1009,-884,-995,-1092,-1119,-1123,-1088,-1100,-1153,-1125,-1067,-936,-822,-881,-823,-799,-1045,-995,4
-1016,-1013,-1025,-975,-1010,-1487,-1004,-1635,-2233,-3047,-3742,-3347,-2607,-1550,-806,-636,-636,-756,-759,-721,-711,-543,-660,-403,-304,-217,-120,-111,-127,-98,-75,-49,0,2,-31,-47,-61,-65,114,-42,-68,-15,-52,109,-240,-8747,-10236,-5129,216,-3099,818,1152,1265,546,-1116,-2694,-2990,-177,-2189,85,-207,-764,-1219,-1486,-1539,-1199,-943,-881,-953,-1091,-1154,-1176,-1177,-868,-962,-766,-807,-815,-894,-1014,-1110,-1110,4
-1006,-1010,-1006,-1012,-1011,-1012,-1018,-1014,-1002,-999,-1184,-1360,-2269,-2696,-2771,-2441,-1990,-1607,-1454,-1160,-1071,-1187,-1098,-1028,-941,-752,-579,-390,-158,-112,-230,-45,-51,-47,-36,-34,-33,-25,-47,-40,-60,-67,-76,-16,-17,-73,-32,-62,9,73,-6581,-10797,-6712,121,-87,-121,-1253,0,-496,-1234,-1696,-1741,-1362,-838,-689,-784,-1014,-940,-1007,-996,-914,-1000,-1104,-1129,-1098,-1078,-1085,-1124,-1221,-1180,-1085,-1124,4
-1017,-995,-1000,-1004,-997,-1107,-1330,-1965,-2888,-2369,-2653,-2332,-1854,-1316,-970,-863,-810,-823,-760,-684,-793,-706,-778,-574,-503,-422,-260,-137,11,-38,0,-18,-25,-33,-34,-44,-42,-97,-24,63,-126,-20,-71,-137,-58,-4,-8323,-4661,-7287,-857,-2284,605,1062,449,-1201,-2063,-1769,-905,-769,-748,-792,-969,-1101,-1113,-993,-853,-799,-904,-1071,-1190,-1169,-998,-926,-1077,-1016,-1086,-1037,-979,-1001,-967,-1049,-1001,4
-1010,-1014,-1008,-1017,-1011,-1003,-1004,-1001,-1006,-1018,-1007,-2234,-1467,-2105,-2895,-3375,-2991,-1264,-1085,-2415,-1058,-975,-922,-783,-927,-733,-684,-511,-305,-157,-59,-5,-20,27,47,27,-19,-25,-40,-46,-53,-60,-67,141,633,159,523,55,-136,-9854,-3475,-10642,-3747,125,841,1015,708,333,-141,-1483,-2436,-2201,-1081,-1301,-661,-557,-766,-1030,-1181,-912,-1046,-946,-859,-1064,-1234,-1197,-1234,-1220,-1337,-1262,-951,-665,4
-1016,-1039,-1037,-1021,-1012,-993,-998,-1359,-2331,-1913,-3065,-3487,-3109,-2604,-1449,-1143,-789,-721,-708,-760,-771,-672,-654,-339,-151,-104,-9,43,37,49,3,-26,-23,-37,-33,-95,-76,-33,-79,-86,-99,519,-136,-24,-66,-3430,-8609,-9524,-542,-1196,339,718,-89,-695,-1152,-1626,-1631,-1239,-696,-700,-1080,-767,-1259,-1174,-844,-800,-1041,-884,-1113,-1095,-1063,-1064,-1281,-1140,-1386,-1328,-881,-1132,-518,-723,-473,-1006,4
-976,-1004,-1016,-1038,-1023,-997,-1000,-1005,-1019,-1010,-998,-1690,-1723,-2423,-2533,-3172,-1619,-1934,-1305,-889,-847,-960,-989,-923,-978,-945,-647,-836,-385,-359,-362,-308,-322,-230,-213,-128,-55,38,274,1,-17,607,135,137,389,147,-31,-403,-8179,-10499,-3883,-3402,1281,-252,551,512,-209,-1992,-1850,-1063,-1431,-800,-689,-715,-827,-1079,-989,-1138,-1152,-1070,-1004,-1009,-1035,-1058,-1081,-1009,-1068,-970,-945,-928,-919,-969,4
-1007,-1034,-999,-1058,-978,-965,-951,-962,-1016,-1054,-1119,-972,-1117,-2584,-2821,-2708,-2052,-3214,-1059,-1031,-992,-1048,-1066,-1153,-1108,-969,-649,-366,-360,-312,-165,-185,-85,-132,-68,-64,-52,-36,-23,-28,-37,-53,-68,-63,-58,-67,-78,-83,832,661,206,-3695,-8855,-9747,-6004,563,-1156,771,-382,-416,-499,-908,-1293,-1301,-1191,-1053,-850,-1291,-753,-1558,-1493,-1410,-1366,-636,-855,-441,-505,-404,-758,-1072,-1332,-1350,4
-1054,-984,-1031,-1034,-1486,-1740,-2510,-2799,-2549,-2472,-1881,-1320,-981,-1140,-1206,-1219,-1109,-1073,-1063,-805,-596,-372,-302,-218,-165,-61,-81,-34,-44,16,-37,20,-25,-47,-58,-68,-42,-42,118,90,474,-8799,630,-5065,-8344,-859,1358,1280,529,-663,-1935,-874,-1742,-2163,-395,-476,-689,-1103,-1151,-1138,-1169,-887,-1013,-934,-1088,-1237,-1306,-1299,-1206,-1254,-1122,-1013,-585,-495,-519,-709,-959,-1203,-1350,-1190,-1339,-827,4
-1008,-1013,-1004,-987,-1007,-1023,-1023,-1067,-1553,-1968,-2732,-3144,-2966,-2355,-1589,-1072,-956,-1532,-836,-963,-863,-922,-696,-477,-331,-212,-136,-75,3,6,44,1,-13,-7,-16,-43,-59,-68,-64,-53,-60,-68,821,-71,530,856,-6427,-8560,-9415,-353,76,-1371,351,63,-399,-1001,-1603,-1517,-1387,-1084,-619,-463,-676,-1036,-1306,-1324,-1157,-1024,-1023,-1206,-1397,-1382,-1372,-1416,-1367,-633,-378,-239,-218,-453,-778,-1008,4
-1040,-950,-967,-984,-1007,-993,-1014,-1008,-984,-920,-667,1355,459,-1146,-2804,-3896,-2274,-1625,-1027,-729,-707,-1141,-1354,-949,-536,-655,-497,-470,-364,-320,-280,-232,-342,-191,-191,-215,-177,-53,-38,-42,-62,-46,487,788,197,-69,-63,-64,-66,-58,367,50,1851,1255,525,53,-1771,-11126,-9832,-5443,577,1583,1216,334,-971,-2070,-2454,-1769,-870,-316,-639,-346,-1025,-1252,-1092,-982,-939,-984,-996,-952,-1039,-1110,4
-966,-976,-1009,-1051,-1076,-1093,-1154,-1149,-1442,-1738,-2262,-2785,-3062,-3146,-2681,-2338,-1931,-1628,-1383,-1159,-1255,-677,-230,-49,53,95,66,97,55,-66,-10,-81,-260,-241,-292,-307,-413,-20,-42,-62,158,-143,-42,133,-143,-128,-25,109,280,420,97,120,-9837,-3293,-7417,-144,1077,-1829,699,-668,-2038,-1418,-752,-306,-337,-719,-1238,-1281,-1040,-837,-1025,-853,-1316,-1456,-1384,-1208,-1118,-1039,-844,-828,-927,-819,4
-1017,-1011,-1028,-1010,-1048,-1427,-1434,-1914,-2735,-3233,-2494,-2095,-1786,-1435,-1145,-1016,-734,-617,-488,-478,-538,-458,-341,-196,-175,-69,-158,-51,-118,-179,-172,-226,-229,-205,-237,39,31,-231,-224,-98,-2,-27,-46,-61,-99,-87,-111,-139,-4023,-9007,-4761,-4814,-1905,851,-1223,117,-2105,-1888,-693,-1208,-382,-419,-796,-1078,-1123,-1070,-972,-946,-1012,-1108,-1290,-1212,-1332,-1394,-1380,-1309,-1125,-772,-291,-448,-298,-772,4
-966,-976,-1009,-1051,-1076,-1093,-1154,-1149,-1442,-1738,-2262,-2785,-3062,-3146,-2681,-2338,-1931,-1628,-1383,-1159,-1255,-677,-230,-49,53,95,66,97,55,-66,-10,-81,-260,-241,-292,-307,-413,-20,-42,-62,158,-143,-42,133,-143,-128,-25,109,280,420,97,120,-9837,-3293,-7417,-144,1077,-1829,699,-668,-2038,-1418,-752,-306,-337,-719,-1238,-1281,-1040,-837,-1025,-853,-1316,-1456,-1384,-1208,-1118,-1039,-844,-828,-927,-819,4
-1074,-1171,-1170,-1059,-940,-1091,-1409,-1826,-2553,-3712,-4279,-4158,-3370,-2282,-1042,-66,263,631,987,1020,599,782,407,161,-89,-207,-330,-337,-346,-344,-356,-329,-324,-337,-294,-286,-279,-193,-234,-191,-262,-215,-245,-239,-211,-287,-308,-451,-376,-794,-633,-702,-877,-858,-827,-883,-928,-872,-829,-964,-1071,-983,-1067,-1627,-3982,-5596,-5274,-2823,-695,631,917,548,-392,-1711,-2564,-2196,-1417,-685,-183,-582,-1133,-1359,5
-915,-919,-974,-1037,-1299,-1159,-1691,-2431,-3176,-3922,-4285,-3802,-377,-2641,-1350,144,571,926,691,1184,732,705,341,534,126,-143,-386,-467,-457,-467,-471,-470,-556,-498,-549,-588,-570,-589,-608,-552,-528,-586,-514,-520,-518,-508,-522,-500,-509,-528,-603,-611,-589,-632,-695,-823,-773,-824,-825,-857,-906,-967,-1279,-1199,-2010,-1144,-3913,-4756,-4155,-2637,-892,-56,86,18,-122,-262,-2012,-1477,-2112,-1136,-1707,-686,5
-993,-992,-1006,-1052,-1134,-1293,-1667,-2252,-3370,-4331,-2872,-4159,-1334,-334,163,575,842,910,654,196,57,357,409,443,202,133,131,168,6,54,-48,-110,-168,-170,-211,-153,-365,-431,-501,-547,-476,-587,-630,-656,-654,-658,-645,-626,-643,-666,-671,-680,-705,-678,-702,-722,-735,-708,-660,-642,-684,-697,-717,-912,-772,-1047,-1187,-1415,-4084,-1822,-5084,-4635,-2730,-819,167,334,228,-1,-246,-736,-1362,-1006,5
-1089,-1075,-1055,-1145,-1474,-2309,-3428,-4523,-4191,-5082,-2645,-1270,-184,244,619,1156,902,1268,1194,607,456,296,229,114,56,-38,-201,-202,-129,-167,-235,-229,-271,-365,-414,-425,-533,-475,-559,-614,-615,-550,-650,-499,-398,-450,-368,-374,-396,-401,-383,-390,-446,-553,-642,-652,-828,-1199,-1598,-1896,-5276,-5983,-628,475,-3329,688,601,318,-12,-339,-807,-1591,-1985,-2116,-1924,-1362,-567,-530,-610,-723,-941,-941,5
-984,-1013,-1014,-1135,-997,-1522,-2341,-3865,-4331,-3131,-3962,-2862,-1713,-584,548,731,806,650,747,785,488,569,52,332,135,-20,-13,-36,-24,-31,-107,-224,-289,-249,-425,-374,-447,-501,-566,-582,-595,-595,-375,-523,-381,-354,-333,-301,-324,-347,-335,-329,-349,-389,-433,-452,-482,-1080,-586,-1473,-8127,-6206,-4006,-6803,500,477,447,-581,361,198,83,-81,-492,-838,-1618,-2421,-2725,-2372,-1522,-771,-402,-345,5
-1004,-1007,-1042,-1138,-1441,-2036,-4374,-4914,-3955,-2402,-1170,-370,-101,382,145,359,420,435,341,272,145,-85,198,-40,-81,-80,-90,-97,-27,-146,-305,-262,-243,-310,-323,-483,-426,-536,-591,-655,-706,-724,-742,-754,-722,-696,-682,-647,-610,-572,-540,-544,-569,-559,-525,-567,-626,-671,-610,-565,-612,-708,-775,-847,-1241,-1382,-4833,-1642,-5990,-5312,-922,-3303,239,404,346,186,24,-191,-449,-1688,-2488,-1179,5
-1091,-1096,-1077,-1090,-1357,-3227,-4688,-4198,-3978,-2628,-199,-1166,225,704,1033,677,469,533,254,105,408,40,-140,-268,-265,-241,-312,-260,-321,-308,-434,-410,-347,-368,-366,-443,-461,-460,-455,-498,-564,-677,-641,-720,-684,-759,-810,-781,-824,-795,-835,-819,-806,-787,-813,-760,-798,-900,-952,-948,-1015,-1137,-1227,-4260,-5223,-1816,-3998,-296,309,284,215,-159,77,-549,-1308,-2513,-2161,-683,-2059,-372,-273,-1025,5
-1117,-1032,-936,-918,-1216,-994,-2257,-1599,-3336,-4474,-3766,-2517,-132,-1292,468,705,673,618,488,609,296,260,136,-31,-214,-263,-283,-264,-255,-265,-396,-471,-412,-367,-407,-488,-497,-521,-612,-657,-654,-658,-685,-722,-694,-652,-606,-617,-586,-572,-572,-599,-614,-632,-650,-677,-713,-773,-828,-903,-934,-872,-1011,-1205,-1109,-1141,-1401,-1642,-1732,-2232,-3323,-3790,-3172,-1952,-916,-158,-177,-314,-292,-556,-1104,-1152,5
-1014,-1109,-1342,-1064,-1958,-2812,-3558,-3290,-3958,-2057,-64,-874,261,498,447,441,293,281,243,166,48,103,0,7,-64,-40,-110,-129,-133,-199,-208,-227,-267,-265,-311,-428,-548,-877,-769,-889,-814,-783,-861,-747,-709,-651,-605,-594,-605,-564,-585,-650,-570,-656,-598,-564,-630,-743,-809,-706,-740,-969,-1101,-1252,-3009,-5726,-4402,-6,-1603,474,481,-124,302,102,-409,-1050,-2005,-2441,-2252,-1594,-938,-333,5
-993,-1060,-1063,-1051,-1031,-1118,-1537,-2566,-4556,-3895,-2178,-906,-3582,360,-16,664,761,508,619,480,401,210,162,342,29,-254,-226,-180,-186,-268,-293,-337,-263,-293,-368,-379,-378,-370,-375,-384,-444,-443,-429,-455,-499,-532,-558,-666,-582,-739,-752,-805,-879,-905,-902,-944,-975,-908,-867,-892,-895,-1054,-1969,-4976,-5800,-2559,-4783,-333,597,525,159,-338,-2011,-1124,-2395,-2153,-1514,-820,-404,-307,-428,-669,5
-1002,-1007,-1034,-1117,-1397,-2160,-3243,-4067,-4624,-4336,-3220,101,-692,484,907,835,807,663,554,414,385,471,274,58,134,-53,-131,-127,-87,-116,-200,-142,-222,-215,-257,-232,-269,-286,-332,-272,-388,-386,-420,-448,-481,-522,-597,-630,-636,-667,-696,-714,-658,-641,-820,-913,-907,-1058,-1395,-1525,-2973,-6098,-4377,-6024,-1783,425,-261,41,-178,344,-974,-1401,-563,-1778,-2062,-1336,-1807,-907,-674,-625,-748,-841,5
-1026,-1009,-1015,-1134,-1006,-3183,-2207,-4058,-4342,-3784,-2710,-1584,156,-379,548,897,815,584,633,346,276,106,16,-116,-264,-261,-218,-303,-386,-350,-418,-496,-448,-527,-576,-588,-589,-564,-535,-441,-488,-456,-443,-438,-439,-433,-465,-496,-550,-560,-594,-649,-762,-799,-757,-733,-715,-825,-1059,-1205,-5098,-7003,-6084,-708,715,848,717,422,9,-584,-1582,-2140,-2313,-1980,-1352,-761,-456,-543,-734,-950,-1332,-1172,5
-1007,-1026,-1063,-1240,-1602,-2229,-3116,-3853,-4107,-2891,-1850,-848,57,572,799,605,506,610,579,602,601,430,117,-63,-13,-114,-105,-173,-267,-306,-319,-332,-359,-423,-414,-448,-400,-585,-632,-672,-580,-590,-606,-605,-603,-605,-644,-700,-698,-699,-804,-769,-893,-995,-802,-1098,-1094,-1099,-4961,-2744,-5333,-4233,-2020,344,-325,434,292,-314,-930,-1674,-2077,-1639,-1064,-2174,-630,-457,-449,-805,-595,-1060,-1284,-1361,5
-1028,-1017,-1031,-1416,-1125,-2162,-4736,-4156,-4319,-1630,-489,806,989,266,814,782,696,546,381,305,186,84,-8,-184,-82,-201,-278,-208,-202,-408,-452,-425,-511,-569,-595,-642,-677,-688,-663,-577,-488,-422,-361,-368,-354,-369,-343,-369,-380,-398,-435,-599,-483,-810,-944,-1084,-1280,-1496,-1626,-1799,-2701,-5154,-4105,-2021,-321,507,591,253,-358,-1325,-2042,-2301,-1768,-1036,-547,-309,-647,-990,-1358,-1510,-1389,-1129,5
-1020,-1018,-1027,-1040,-1124,-1682,-1343,-2338,-3157,-3785,-3974,-3703,-1768,-763,423,78,675,793,832,803,787,486,686,315,183,118,-83,-95,-154,-208,-204,-208,-220,-280,-328,-337,-374,-439,-550,-484,-498,-612,-589,-554,-571,-579,-561,-543,-526,-516,-512,-528,-576,-611,-616,-605,-653,-780,-842,-951,-1162,-1206,-1337,-1551,-3286,-5461,-3898,-5352,-1646,87,476,172,-177,-777,-1501,-2040,-1655,-2066,-1083,-421,-442,-635,5
-1033,-1016,-1063,-1181,-2172,-3012,-3625,-3967,-3823,-3061,-2068,-897,24,522,710,817,738,653,577,542,541,397,333,193,451,37,-207,-114,-235,-416,-588,-657,-705,-775,-742,-762,-700,-673,-737,-631,-576,-508,-470,-438,-433,-429,-411,-434,-491,-521,-586,-641,-667,-709,-860,-923,-1006,-792,-1152,-1265,-2942,-5522,-5941,-2046,-144,450,509,376,156,-340,-69,-715,-2160,-1603,-2424,-2075,-386,-1329,-301,-409,-646,-987,5
-1024,-1036,-1109,-1769,-1293,-4191,-2585,-3466,-4387,-2279,-937,88,621,1213,748,511,896,462,413,387,81,-57,-65,-137,-319,-339,-327,-347,-332,-375,-397,-420,-345,-488,-516,-449,-537,-563,-591,-603,-597,-602,-589,-581,-576,-566,-580,-603,-593,-706,-648,-722,-778,-854,-901,-888,-1021,-1242,-4440,-6088,-5781,-726,-3277,769,818,426,-253,-1591,-2686,-2461,-2020,-1144,-426,-120,-491,-162,-952,-1364,-1553,-965,-1254,-748,5
-1032,-1021,-1039,-1102,-1280,-1843,-2912,-4553,-4446,-4078,-2124,-3417,-865,108,670,787,904,345,715,160,254,81,-18,-9,41,84,25,-63,-122,-133,-96,-152,-211,-169,-258,-293,-183,-282,-302,-252,-338,-384,-483,-491,-525,-560,-599,-614,-625,-678,-659,-671,-657,-681,-709,-666,-722,-879,-756,-970,-1076,-1583,-3152,-5664,-5572,-1883,-4187,-82,563,434,569,149,-1214,-307,-2028,-2529,-819,-1484,-373,-238,-357,-637,5
-1015,-1008,-1012,-1010,-1007,-1057,-1185,-1618,-2452,-3332,-4442,-4127,-3733,-1453,-2676,-306,412,773,830,687,567,440,249,328,279,265,230,186,113,34,-152,-122,-202,-142,-217,-271,-278,-306,-390,-486,-535,-601,-658,-657,-657,-671,-669,-715,-732,-749,-741,-734,-703,-669,-688,-681,-697,-662,-608,-575,-671,-1097,-898,-3075,-6057,-6039,-4459,-1869,136,735,735,221,540,-152,-818,-1765,-2432,-1916,-1154,-539,-261,-284,5
-1033,-1011,-1025,-1008,-1044,-1327,-1133,-1706,-2289,-3726,-3702,-4030,-2685,-1565,-523,568,174,855,929,757,850,650,538,250,79,185,-27,-96,-137,-247,-260,-251,-312,-410,-429,-421,-394,-401,-574,-651,-650,-739,-713,-663,-593,-547,-482,-452,-454,-455,-425,-435,-505,-549,-603,-664,-682,-688,-771,-840,-884,-933,-1052,-1122,-4447,-6255,-6498,255,-1438,703,646,552,358,95,-258,-764,-1741,-2279,-2774,-2332,-1403,-346,5
-1006,-1029,-1064,-1156,-2049,-2945,-3616,-4099,876,876,693,610,564,493,271,337,187,26,-141,-165,-181,-231,-288,-311,-333,-396,-434,-438,-456,-462,-444,-386,-393,-376,-396,-381,-425,-351,-462,-362,-471,-461,-491,-585,-689,-728,-803,-909,-1118,-1275,-3649,-5924,-6675,-5137,-1927,746,59,449,777,142,-213,-565,-1530,-2342,-2741,-2456,-1515,-247,-702,-145,-277,-610,-1037,-1615,-1533,-1253,-963,-715,-648,-724,-887,-1073,5
-979,-997,-980,-1014,-1100,-1410,-2040,-3741,-4366,-3581,-4397,-2295,-996,-115,467,663,793,721,590,628,461,375,470,403,391,353,190,284,154,49,-12,-90,-135,-168,-294,-131,-550,-440,-627,-678,-741,-778,-778,-765,-763,-777,-784,-762,-766,-803,-810,-731,-708,-718,-710,-667,-638,-630,-633,-637,-686,-730,-889,-781,-1092,-1503,-2474,-4956,-5494,-4185,161,-498,-2246,215,163,82,-24,-168,-394,-999,-2413,-2544,5
-1096,-1082,-1177,-1338,-1714,-2389,-3329,-4097,-4477,-2981,-3978,-1475,-80,515,1050,1483,873,698,457,323,434,134,123,119,44,1,-40,-10,-32,-86,-141,-118,-149,-305,-447,-469,-570,-665,-686,-726,-766,-730,-641,-536,-467,-397,-397,-401,-394,-427,-449,-467,-564,-634,-633,-679,-774,-842,-1112,-777,-6699,-6888,-4800,-1768,649,1112,868,1075,426,-542,-2065,-2893,-2696,-1867,-304,-70,-530,-192,-1392,-1010,-943,-908,5
-1003,-1017,-1002,-1055,-1325,-1688,-2116,-2639,-3080,-3267,-3105,-2477,-616,169,-1598,506,717,677,43,-210,160,-394,-465,-512,-468,-499,-440,-447,-436,-465,-448,-342,-258,-246,-249,-261,-285,-349,-422,-510,-564,-593,-636,-664,-690,-711,-715,-647,-610,-602,-607,-591,-552,-548,-570,-553,-544,-635,-569,-658,-654,-872,-703,-1043,-1104,-1489,-4925,-5762,-5039,-1173,-3221,299,51,169,287,47,-338,-712,-1345,-2343,-1922,-2215,5
-1003,-1022,-998,-1055,-1083,-1145,-1263,-1451,-1785,-3142,-3572,-3674,-3289,-2406,-327,-1383,443,752,939,889,901,781,620,374,46,-40,-142,-187,-232,-286,-291,-326,-376,-436,-487,-534,-578,-614,-655,-660,-616,-614,-572,-550,-566,-558,-567,-564,-561,-592,-597,-631,-700,-804,-867,-824,-862,-895,-1019,-921,-1055,-1116,-3467,-5141,-3413,-1232,271,671,325,-307,663,-1362,-2256,-2527,-2023,-1270,-259,-630,-329,-722,-1056,-1309,5
-1006,-1012,-1031,-1053,-1161,-1448,-1080,-2175,-3335,-4254,-4662,-4240,-1904,-3205,-687,821,1211,1172,913,768,553,461,372,273,197,67,0,-45,-77,-205,-135,-160,-236,-277,-290,-330,-290,-358,-356,-378,-505,-417,-699,-806,-809,-762,-741,-722,-707,-692,-645,-658,-626,-623,-627,-625,-613,-651,-667,-660,-711,-903,-1000,-962,-1100,-1210,-1294,-1398,-3334,-5323,-5083,-1206,-3521,849,614,-116,-2082,-1188,-2262,-1834,-1143,-559,5
-1052,-1300,-1707,-2340,-3051,-3558,-4106,-3962,-1898,-3067,-749,406,-22,589,527,621,455,369,349,338,279,203,138,112,53,-3,-76,-109,-205,-360,-427,-440,-537,-477,-608,-636,-659,-690,-699,-729,-722,-707,-669,-646,-656,-667,-642,-643,-642,-629,-605,-602,-625,-618,-617,-605,-595,-529,-587,-612,-606,-621,-622,-695,-888,-1072,-1053,-1346,-1112,-1665,-2070,-4770,-4419,-2314,-403,574,713,90,490,-665,-1678,-2427,5
-1040,-1032,-1057,-1212,-1649,-2478,-4432,-3864,-4629,-1242,-173,-2583,857,511,1151,935,774,1023,564,376,302,-104,-115,-309,-185,-357,-370,-486,0,-439,-487,-498,-507,-503,-504,-550,-601,-579,-599,-711,-750,-711,-663,-777,-693,-700,-704,-669,-634,-613,-533,-498,-468,-452,-423,-437,-436,-424,-418,-403,-415,-344,-331,-362,-384,-340,-436,-724,-1212,-8818,-7439,-7209,-3635,-299,904,1078,967,716,-427,390,-772,-1503,5
-996,-1022,-1010,-990,-1087,-1227,-1959,-2636,-3378,-3782,-3946,-3561,-2573,-1374,332,-331,755,1174,1124,996,1114,629,412,162,-64,-264,-359,-473,-494,-468,-608,-533,-559,-566,-551,-555,-518,-504,-532,-486,-468,-439,-417,-368,-329,-304,-305,-324,-340,-331,-382,-380,-397,-412,-448,-430,-448,-418,-416,-399,-398,-1481,-6913,-499,-9412,-3526,-123,891,1000,904,736,626,504,234,-87,-1028,-2710,-3678,-3639,-961,-29,202,5
-1028,-1081,-1040,-1575,-1213,-2191,-3174,-4180,-4498,-4198,-1814,-589,267,747,1014,1178,1178,944,709,598,443,241,381,102,59,-240,-286,-256,-308,-448,-562,-611,-650,-727,-700,-709,-687,-700,-686,-669,-634,-554,-592,-528,-500,-485,-488,-508,-496,-506,-486,-478,-498,-471,-514,-453,-444,-456,-426,-390,-278,-291,-717,-5831,-503,-642,-8699,-328,-7935,1457,1602,1493,590,1217,-829,-2694,-3760,-3226,-1837,-523,210,341,5
-1032,-1051,-1075,-1145,-1331,-1753,-2514,-3489,-4132,-4107,-2179,-3323,315,-111,606,720,718,748,669,511,365,262,55,-131,-74,-162,-384,-460,-473,-448,-474,-532,-535,-527,-514,-559,-610,-630,-680,-692,-690,-683,-657,-608,-556,-528,-500,-464,-403,-344,-288,-262,-256,-280,-267,-155,-144,-263,-184,-198,-512,-4306,-9026,-6101,-9007,-1862,724,1098,950,848,532,323,51,-297,-1265,-2670,-3492,-3466,-2311,-957,-173,88,5